,ID,NAME,ADDRESS,Designation,UUID
0,1,yogita,ambala,DBA,b5966880-9925-4c24-9ea5-c0decf42c0e6
1,2,sandeep,ambala,DBA,21057cfb-ef39-4161-a1c2-2f03265117c5
2,3,atul,ambala,DBA,b6789f32-cbe3-47e8-9f46-2164375340d4
3,4,raja,mohali,Developers,17fb3a5d-73bb-4350-b99d-0cdbb8fdfe56
4,5,shubham,chd,Developers,e50d7922-6314-4f35-9754-48e38c0aaf5a
5,6,robin,uk,Developers,ecbe3701-9b2b-4e6c-b5a1-57de6c6b3cc8
6,7,rohit,cantt,Managers,c9de4ee2-12f4-4ff2-8410-b4191d8dabf7
7,8,sunil,haryana,Managers,307098cb-0536-497a-88c4-c3376b51124a
8,9,ram,shimla,Managers,bd0c9a34-0306-4323-809b-098499620e56
9,10,mohan,bihar,TestEngineers,6cff8273-8d53-45ce-af03-b8298b959b04
10,11,shaym,goa,TestEngineers,f7cce1aa-c144-4d49-88b2-5f6f8dc8a2c6
11,12,ankit,punjab,TestEngineers,b52c7bd2-1249-4b82-b384-e28020f417ae
